Eje.Estatal,Eje.Regional,Política.Pública,Objetivo..cambio.,ODS,Vinculación.con.las.Metas.de.los.ODS,Nombre.del.Indicador.PED,Nombre.del.Indicador.Regional,Definición,Descripción,Tipo.de.algoritmo,Periodicidad.de.cálculo,Fórmula.de.cálculo,tendencia,Dimensión,Dependencia.o.Entidad.responsable.del.seguimiento,LB.valor.estatal,LB.Unidad.de.Medida.estatal,LB.Fecha.estatal,M.2021.estatal,FECHA.21.estatal,M.2024.estatal,FECHA.24.estatal,M.2030.estatal,FECHA.30.estatal,NO.SATIS.estatal,SATIS.estatal,SOBRE.estatal,LB.valor.Región.1,M.2021.Región.1,M.2024.Región.1,M.2030.Región.1,LB.valor.Región.2,M.2021.Región.2,M.2024.Región.2,M.2030.Región.2,LB.valor.Región.3,M.2021.Región.3,M.2024.Región.3,M.2030.Región.3,LB.valor.Región.4,M.2021.Región.4,M.2024.Región.4,M.2030.Región.4,LB.valor.Región.5,M.2021.Región.5,M.2024.Región.5,M.2030.Región.5,LB.valor.Región.6,M.2021.Región.6,M.2024.Región.6,M.2030.Región.6,LB.valor.Región.7,M.2021.Región.7,M.2024.Región.7,M.2030.Región.7,Medio.de.verificación,Región.1,Región.2,Región.3,Región.4,Región.5,Región.6,Región.7
Yucatán con economía inclusiva,Economía Inclusiva,Capital humano generador de desarrollo y trabajo decente,Incrementar la calidad del empleo en la región,8: Trabajo Decente y Crecimiento Económico,Meta 8.5,Crecimiento Promedio de Trabajadores Asegurados ante el IMSS en Yucatán,Variación porcentual de Trabajadores Asegurados ante el IMSS en la región,Mide la variación porcentual de los trabajadores asegurados en el IMSS en la región de  un año base con respecto al año anterior,Permite identificar el crecimiento promedio del número de personas que obtienen un empleo formal que implica contar con seguridad social y servicios médicos. Para el seguimiento del indicador se tomará como año base 2018,Variación Porcentual,Anual,A = (C-B)/B*100,Ascendente,Eficacia,Secretaría de Fomento Económico y Trabajo (SEFOET),4.34,Porcentaje,2018,01/01/2022,01/01/2022,01/01/2025,01/01/2025,7,01/01/2031,Menos del 90% de la meta,Entre 90 y 100% de la meta,Más del 100% de la meta,-0.33,0.06,0.07,0.08,0.04,0.05,0.05,0.05,0.02,0.06,0.07,0.08,0.15,0.06,0.07,0.08,0.18,0.05,0.06,0.07,0.03,0.07,0.08,0.09,0.05,0.05,0.06,0.07,http://www.imss.gob.mx/conoce-al-imss/cubos,-0.1,-0.03,0.06,-0.11,0.05,-0.05,0
Yucatán con economía inclusiva,Economía Inclusiva,Impulso al turismo,Incrementar la afluencia de visitantes a la región,8: Trabajo Decente y Crecimiento Económico,Meta 8.9,Crecimiento promedio de Visitantes con Pernocta en la región,Crecimiento promedio de Visitantes con Pernocta en la región,Mide el crecimiento promedio  anual del número de visitantes en los principales destinos turísticos de la región.,Es la sumatoria de las variaciones porcentuales anuales del número de visitantes con pernocta en la región dividido entre el número de periodos de análisis. Para el seguimiento del Indicador se tomará como año base 2017.,Variación Porcentual,Anual,A = SB / C,Ascendente,Eficacia,Secretaría de Fomento Turístico (SEFOTUR),5.3,Porcentaje,2017,01/01/2022,01/01/2022,01/01/2025,01/01/2025,07/01/1900,01/01/2031,Menos del 90% de la meta,Entre 90 y 100% de la meta,Más del 100% de la meta,NA,NA,NA,NA,5,5.5,6,7,51,6,7,8,NA,NA,NA,NA,NA,NA,NA,NA,6.7,7.2,7.5,8,30.3,5,5,5,Datatur,NA,-61.69,-58.12,NA,NA,-63.99,-59.75
"Gobierno abierto, eficiente y con finanzas sanas",Gobierno Abierto Eficiente y con Finanzas Sanas,Finanzas sanas,Mejorar la sostenibilidad de las finanzas públicas,"16: Paz, Justicia e instituciones Solidas                                                                                                                                                                                                                                                                                                                                              17: Alianzas para lograr los Objetivos","Meta 16.6, Meta 17.1, Meta 17.4",Nivel de Endeudamiento Estatal,Porcentaje de municipios con nivel de endeudamiento bajo,Mide el porcentaje de municipios que cuentan con un nivel bajo de endeudamiento de acuerdo son la Secretaría de Hacienda y Crédito Público,Razón de municipios con un grado de endeudamiento bajo de acuerdo a la Deuda Pública y Obligaciones sobre Ingresos de Libre Disposición de los municipios,Porcentaje,Anual,A = A,Constante,Eficacia,Secretaría de Administración y Finanzas (SAF),Rango Bajo,Nivel,2018,01/01/2022,01/01/2022,4to trimestre 2024,4to trimestre 2024,Bajo,4to trimestre 2030,Nivel de endeudamiento alto,Mantenerse en un nivel intermedio en el estatus endeudamiento en observación,Mantenerse en el nivel de endeudamiento bajo,Bajo,Bajo,Bajo,Bajo,Bajo,Bajo,Bajo,Bajo,Bajo,Bajo,Bajo,Bajo,Bajo,Bajo,Bajo,Bajo,Bajo,Bajo,Bajo,Bajo,Bajo,Bajo,Bajo,Bajo,Bajo,Bajo,Bajo,Bajo,Sistema de Alertas de la Secretaría de Hacienda y Crédito Público,NA,NA,NA,NA,NA,NA,NA
Yucatán verde y sustentable,Medio Ambiente Verde y Sustentable,Manejo integral de los residuos,Mejorar el manejo de los residuos en la región,12: Producción y consumo responsables,Meta 12.5,Porcentaje de Residuos Sólidos confinados en sitios de disposición final,Porcentaje de Residuos Sólidos confinados en sitios de disposición final adecuado,"Mide la proporción de residuos sólidos urbanos y de manejo especial que son confinados en sitios de disposición final que cumplen con la normatividad en la region, respecto del total de residuos sólidos en sitios de disposición final en un periodo determinado en la región.",Se calcula dividiendo volumen de residuos sólidos confinados adecuadamentede la región entre el total de volumen de residuos sólidos reccibidos en sitios de disposición final en la región.,Porcentaje,Bienal,A = (B/C)*100,Ascendente,Eficiencia,Secretaría de Desarrollo Sustentable (SDS),86,Porcentaje,2016,01/01/2022,01/01/2022,01/01/2025,01/01/2025,95,01/01/2031,Menos del 90% de la meta,Entre 90 y 100% de la meta,Más del 100% de la meta,50,52,54,55,96,100,100,100,59,60,63,66,47,49,51,53,90,91,92,95,61,63,65,66,52,53,54,56,"Censo Nacional de Gobiernos Municipales y Delegaciones, INEGI",NA,NA,NA,NA,NA,NA,NA
Yucatán verde y sustentable,Medio Ambiente Verde y Sustentable,Agua limpia y saneamiento ,Mejorar el saneamiento de aguas residuales en la región,6: Agua Limpia y Saneamiento,"Meta 6.3, 6.2 y 6.b",Lugar de Yucatán en Volumen tratado de Aguas Residuales por cada mil personas,Porcentaje de viviendas sin baño,Mide el porcentaje de viviendas particulares habitadas que no cuentan con un sanitario,Se calcula dividiendo el total de viviendas sin baño entre el total de viviendas particulares habitadas,Porcentaje,quinquenal,A=(B/C)*100,Ascendente,Eficiencia,Secretaría de Desarrollo Sustentable (SDS),30.35,Porcentaje,2015,01/01/2022,01/01/2022,01/01/2025,01/01/2025,20/01/1900,01/01/2031,Menos del 90% de la meta,Entre 90 y 100% de la meta,Más del 100% de la meta,67,65,60,58,16,15,14,13,54,51,49,47,42,39,37,35,44,41,39,37,70,65,60,55,43,40,38,36,"Encuesta intercesal, INEGI",17.18,2.9,16,9.97,11.65,17.48,13.59
Yucatán verde y sustentable,Medio Ambiente Verde y Sustentable,Energía asequible y no contaminante,Mejorar el acceso a energías limpias en la región,7: Energia Asequible y No Contaminante,Meta 7.1 y 7.a,Lugar de Yucatán en Intensidad Energética de la economía ,Variación porcentual de capacidad instalada de generación de energía eléctrica limpia en la región,Mide el cambio porcentual de la capacidad instalada de generación de energía limpia en las regiones. Se considera energía limpia la solar y el biogas,Calcula la variación en porcentaje del total de la capacidad de generación electrica por medio de energías limpias de un año actual con respecto a un año anterior,Porcentaje,Anual,A = (B-C)/C*100,Ascendente,Eficiencia,Subsecretaria de energía. Secretaría de Fomento Económico y Trabajo,0.69,Porcentaje,2018,01/01/2022,01/01/2022,01/01/2025,01/01/2025,20/03/1900,01/01/2031,Menos del 90% de la meta,Entre 90 y 100% de la meta,Más del 100% de la meta,16,20,24,27,71,71,71,71,107,80,80,80,115,80,80,80,72,70,70,70,45,60,60,60,98,80,80,80,Comisión Reguladora de Energía,NA,NA,NA,NA,NA,NA,NA
Yucatán verde y sustentable,Medio Ambiente Verde y Sustentable,Conservación de recursos naturales,Mejorar la protección del ecosistema terrestre de la región,15: Vida de Ecosistemas Terrestres,"Meta 15.1, 15.2, 15.3, 15.5, 15.7 y 15.8",Lugar de Yucatán en el Índice de Competitividad Forestal,Variación porcentual de la pérdida de la superficie forestal,Mide el cambio porcentual de los ecosistemas y agroecosistemas de la región bajo acciones de conservación de un año base con respecto al año anterior,"Documenta las variaciones en términos porcentuales de superficie forestal perdida de un año actual, con respecto a la superficie forestal perdida del año anterior y el resultado se multiplica por el factor (100)",Variación porcentual,Trienual,A = (B/C)*100,Descendente,Eficiencia,Secretaría de Desarrollo Sustentable (SDS),-8.3,Porcentaje,2017,01/01/2022,01/01/2022,01/01/2025,01/01/2025,-6,01/01/2031,Menos del 90% de la meta,Entre 90 y 100% de la meta,Más del 100% de la meta,-5.72,-5,-4.5,-4,-0.79,-0.3,0,0,-3.52,-2.5,-2,-1.5,1.77,-1.5,-1,-0.8,-8.22,-8,-7.5,-6,-16.63,-16,-15,-14,-6.83,-6,-5.5,-4.5,"Carta de Uso del Suelo y Vegetación, INEGI",NA,NA,NA,NA,NA,NA,NA
Yucatán verde y sustentable,Medio Ambiente Verde y Sustentable,Conservación de recursos naturales,Preservar los recursos naturales protegidos de la región,15: Vida de Ecosistemas Terrestres,"Meta 15.1, 15.2, 15.3, 15.5, 15.7,15.8, 15.9, 15.a, 15.b y 15.c",Porcentaje de Áreas Naturales Protegidas de competencia estatal que cuentan con Programa de Manejo actualizado y publicado,Tasa de variación en la vegetación primaria y secundaria de las áreas naturales protegidas de competencia estatal,Mide la variación  en la vegetación primaria o secundaria en áreas naturales protegidas de competencia estatal.,"Se calcula a partir de la información de cartografía de uso de suelo y vegetación conforme a las definiciones del INEGI, únicamente las áreas natuales protegidas de competencia estatal. ",Porcentaje,Anual,A=(C-B)/B,Ascendente,Eficiencia,Secretaría de Desarrollo Sustentable (SDS),NA,NA,2017,01/01/2022,01/01/2022,01/01/2025,01/01/2025,0,01/01/2031,Menos del 90% de la meta,Entre 90 y 100% de la meta,Más del 100% de la meta,-73.76,-3,-1.5,0,-67.14,-3,-1.5,0,-99.95,-3,-1.5,0,-49.97,-3,-1.5,0,-9.12,-3,-1.5,0,-99.4,-3,-1.5,0,-68.59,-3,-1.5,0,Sistema de Información Estadística y Geográfica del Estado de Yucatán,NA,NA,NA,NA,NA,NA,NA
Yucatán con calidad de vida y bienestar social,Calidad de Vida y Bienestar,Educación integral de calidad,Mejorar la calidad del sistema educativo regional,4: Educación de Calidad,"Meta 4.1, Meta 4.2, Meta 4.4, Meta 4.5, Meta 4.7, Meta 4.c",Promedio del Aprendizaje en Lenguaje y Comunicación y Matemáticas de la Prueba Planea Educación Primaria,Porcentaje de alumnos que obtuvieron niveles de logro satisfactorio y logro sobresaliente en Aprendizaje en Matemáticas de la Prueba Planea Educación Secundaria,Porcentaje de alumnos que obtuvieron niveles de logro satisfactorio y logro sobresaliente en Aprendizaje en Matemáticas de la Prueba Planea Educación Secundaria (Nivel III y IV),"Evalúa el desempeño del Sistema Educativo Nacional (SEN) respecto a los aprendizajes en la educación obligatoria, en este caso específico a nivel secundaria. El indicador refiere al porcentaje estudiantes que presentaron un desempeño satisfactorio o sobresaliente.",Porcentaje,Bienal ,A = (B/C)*100,Ascendente,Calidad,Secretaría de Educación del Gobierno del estado de Yucatán (SEGEY),12.7,Porcentaje,2019,01/01/2022,01/01/2022,01/01/2025,01/01/2025,19/02/1900,01/01/2031,Menos del 90% de la meta,Entre 90 y 100% de la meta,Más del 100% de la meta,9.44,15,30,50,16.39,20,30,50,5.94,10,30,50,11.73,15,30,50,12.48,20,30,50,8.07,15,30,50,7.06,15,30,50,Secretaría de Educación Pública,9.44,16.39,5.94,11.73,12.42,8.06,7.06
Yucatán con calidad de vida y bienestar social,Calidad de Vida y Bienestar,Hambre cero,Disminuir toda forma de desnutrición en la población de la región,2: Poner fin al Hambre,"Meta 2.1, Meta 2.2",Porcentaje de Población con Carencia por Acceso a la Alimentación,Porcentaje de Población con Carencia por Acceso a la Alimentación,Mide el porcenta,"El Indicador se construye a partir de la Escala Mexicana de Seguridad Alimentaria (EMSA) y toma en consideración los siguientes elementos: Si durante los últimos tres meses, por falta de dinero u otros recursos, los hogares: Tuvieron una alimentación basada en muy poca variedad de alimentos. Dejaron de desayunar, comer o cenar. Comieron menos de lo que piensan debían comer. Se quedaron sin comida. Sintieron hambre pero no comieron. Comieron una vez al día o dejaron de comer todo un día. Al final de las ponderaciones, se realiza un porcentaje con la conceptualización del número de personas que no tienen acceso a la alimentación.",Porcentaje,Bienal ,A = (B/C)*100,Descendente,Eficacia,Secretaría de Desarrollo Social (SEDESOL),16.9,Porcentaje,2015,01/01/2022,01/01/2022,01/01/2025,01/01/2025,11/01/1900,01/01/2031,Menos del 90% de la meta,Entre 90 y 100% de la meta,Más del 100% de la meta,21.17,20,19,18,14.98,14,12,10,18,17,16,15,19.49,19,17.5,16.5,19.74,19,17.5,16.5,22.64,21.5,20.5,19.5,17.57,17,16,15,Coneval,20.97,15.07,17.7,19.49,19.94,23,16.86
Yucatán con calidad de vida y bienestar social,Calidad de Vida y Bienestar,Seguridad social,Incrementar el acceso a la seguridad social con enfoque de sostenibilidad de la población yucateca,1: Fin de la Pobreza                                                                                                                                                                                                                                                                                                                                                                                   5: Igualdad de género                                                                                                                                                                                                                                                                                                                                                                            10: Reducción de las Desigualdades                                                                                                                                                                                                                      ,"Meta 1.3, Meta 5.4, Meta 10.4",Porcentaje de Población con Carencia por Acceso a la Seguridad Social,Porcentaje de Población con Carencia por Acceso a la Seguridad Social,"Mide la proporción de las personas de la región que no cuentan con servicios médicos, incapacidad con goce de sueldo y SAR o Afore con relación al total de la población total de la región que presenta estos servicios.","La seguridad social puede ser definida como el conjunto de mecanismos diseñados para garantizar los medios de subsistencia de los individuos y sus familias ante  eventualidades como accidentes o enfermedades, o ante circunstancias socialmente conocidas como la vejez y el embarazo.",Porcentaje,Bienal ,A = (B/C)*100,Descendente,Eficacia,Régimen Estatal de Protección Social en Salud (REPSSY),53.05,Porcentaje,2015,01/01/2022,01/01/2022,01/01/2025,01/01/2025,04/02/1900,01/01/2031,Menos del 90% de la meta,Entre 90 y 100% de la meta,Más del 100% de la meta,60.93,68.5,66,63,41.9,40.5,39,35,57.16,56,54,52.5,52.93,52.5,50,48,76.52,74,71,65,81.72,79,75,69,78.03,75,72,67,Coneval,61.29,42.09,56.79,52.93,76.81,80.4,75.81
Yucatán con calidad de vida y bienestar social,Calidad de Vida y Bienestar,Salud y bienestar,Incrementar el acceso incluyente y de calidad al Sistema Estatal de Salud,3: Salud y Bienestar,Meta 3.8,Porcentaje de Población con Carencia por Acceso a los Servicios de Salud,Porcentaje de Población con Carencia por Acceso a los Servicios de Salud,Mide la proporción de la población que no cuenta con adscripción o derecho a recibir servicios médicos de alguna institución o programas de salud.,"Es la relación entre el número de personas de la región en situación de carencia por acceso a los servicios de salud, es decir, que no tiene acceso a una institución de salud entre el total de la población de la región, multiplicado por cien.",Porcentaje,Bienal ,A = (B/C)*100,Descendente,Eficacia,Secretaría de Salud de Yucatán (SSY),14.8,Porcentaje,2015,01/01/2022,01/01/2022,01/01/2025,01/01/2025,09/01/1900,01/01/2031,Menos del 90% de la meta,Entre 90 y 100% de la meta,Más del 100% de la meta,12.92,10.9,9.5,8,17.25,14.91,13.41,11.81,10.72,8.38,6.88,5.28,13.69,11.35,9.85,8.25,9.61,7.26,5.76,4.16,9.91,7.56,6.06,4.46,10.29,7.95,6.45,4.85,Coneval,13.1,17.19,10.7,13.69,9.62,10.16,10.74
Yucatán con calidad de vida y bienestar social,Calidad de Vida y Bienestar,Educación integral de calidad,Disminuir el rezago educativo de la población de la región,4: Educación de Calidad,"Meta 4.4, Meta 4.6",Porcentaje de Población con Carencia por Rezago Educativo,Porcentaje de Población con Carencia por Rezago Educativo,Mide la proporción de la población de la región que no tiene el nivel educativo esperado de acuerdo con su edad con relación al total de la población de la región,Se considera que una persona se encuentra en situación de rezago educativo si: i) tiene de tres a 15 años y no cuenta con la educación básica obligatoria ni asiste a un centro de educación formal; ii) nació antes de 1982 y no cuenta con el nivel de educación obligatoria vigente en el momento en que debía haberla cursado (primaria completa); o nació a partir de 1982 y no cuenta con el nivel de educación obligatoria (secundaria completa).,Porcentaje,Bienal ,A = (B/C)*100,Descendente,Eficacia,Secretaría de Educación del Gobierno del estado de Yucatán (SEGEY),20.6,Porcentaje,2015,01/01/2022,01/01/2022,01/01/2025,01/01/2025,15/01/1900,01/01/2031,Menos del 90% de la meta,Entre 90 y 100% de la meta,Más del 100% de la meta,32.17,29.79,27.89,25.39,15.8,13.43,11.53,9.03,31.19,28.81,26.91,24.41,27.48,25.11,23.21,20.71,33.97,31.6,29.7,27.2,30.47,28.1,26.2,23.7,32.04,29.67,27.77,25.27,Coneval,32.09,15.82,31.1,27.48,34.03,30.45,31.06
Yucatán con calidad de vida y bienestar social,Calidad de Vida y Bienestar,Pueblos indígenas,Disminuir la pobreza y pobreza extrema en los pueblos indígenas de la región,1: Fin de la Pobreza,"Meta 1.1, Meta 1.2, Meta 1.5 y Meta 1.a",Porcentaje de Población en Municipios Indígenas en Situación de Pobreza,Porcentaje de Población en Municipios Indígenas en Situación de Pobreza,Mide la proporción de la población de la región que habita en municipios indígenas cuyo ingreso es inferior al valor de la línea de bienestar y que padece al menos una carencia social (carencias sociales definidas por el CONEVAL).,"El Indicador resulta de identificar a la población de los municipios indígenas de la región (municipios donde al menos el 40% de la población habla lengua indígena) que cuenta con al menos una carencia social (rezago educativo, acceso a los servicios de salud, acceso a la seguridad social, calidad y espacios de la vivienda, servicios básicos en la vivienda y acceso a la alimentación) y que su ingreso es insuficiente para satisfacer sus necesidades alimentarias y no alimentarias, entre la población total y multiplicado por cien.",Porcentaje,Quinquenal,A = (B/C)*100,Descendente,Eficacia,Secretaría de Desarrollo Social (SEDESOL),58.7,Porcentaje,2015,01/01/2022,01/01/2022,01/01/2025,01/01/2025,21/02/1900,01/01/2031,Menos del 90% de la meta,Entre 90 y 100% de la meta,Más del 100% de la meta,52.66,51,49,47,44.8,43,41,38,64.84,62,59.5,58,53.05,51,49,47,66.16,64,62,59.6,69.21,67.2,65,63,66.64,64,62,59,Coneval,NA,NA,NA,NA,NA,NA,NA
Yucatán con calidad de vida y bienestar social,Calidad de Vida y Bienestar,Pueblos indígenas,Disminuir la pobreza y pobreza extrema en los pueblos indígenas de la región,1: Fin de la Pobreza,"Meta 1.1, Meta 1.2, Meta 1.5 y Meta 1.a",Porcentaje de Población en Municipios Indígenas en Situación de Pobreza Extrema,Porcentaje de Población en Municipios Indígenas en Situación de Pobreza Extrema,Mide la proporción de la población de la región que habita en municipios indígenas cuyo ingreso es inferior al valor de la línea de bienestar y que padece tres o más carencias sociales (carencias sociales definidas por el CONEVAL).,"El Indicador resulta de identificar a la población de municipios indígenas de la región que cuenta con tres o más carencias sociales (rezago educativo, acceso a los servicios de salud, acceso a la seguridad social, calidad y espacios de la vivienda, servicios básicos en la vivienda y acceso a la alimentación) y que su ingreso es insuficiente para satisfacer sus necesidades alimentarias y no alimentarias, entre la población total y multiplicado por cien.",Porcentaje,Quinquenal,A = (B/C)*100,Descendente,Eficacia,Secretaría de Desarrollo Social (SEDESOL),14,Porcentaje,2015,01/01/2022,01/01/2022,01/01/2025,01/01/2025,08/01/1900,01/01/2031,Menos del 90% de la meta,Entre 90 y 100% de la meta,Más del 100% de la meta,9.63,6.74,3.37,1.01,6.35,4.44,2.22,0.67,16.09,11.26,5.63,1.69,9.66,6.76,3.38,1.01,16.65,11.65,5.83,1.75,22.12,15.48,7.74,2.32,18.39,12.88,6.44,1.93,Coneval,NA,NA,NA,NA,NA,NA,NA
Yucatán con economía inclusiva,Economía Inclusiva,Desarrollo comercial y fortalecimiento de las empresas locales,Aumentar la actividad comercial sostenible de la región,8: Trabajo Decente y Crecimiento Económico,Meta 8.a,Tasa de Crecimiento de las Actividades Comerciales en la región,Tasa de Crecimiento de las Actividades Comerciales en la región,Mide el crecimiento de la actividad económica comercial del año de análisis y la actividad económica comercial del año base.,"Se obtiene al restar el valor inicial del valor final, para posteriormente dividirlo entre el valor inicial. Se multiplica por 100",Tasa de Crecimiento Anual,Anual,A= (C-B)/B,Ascendente,Eficacia,Secretaría de Fomento Económico y Trabajo (SEFOET),43,Porcentaje,2013,01/01/2022,01/01/2022,01/01/2025,01/01/2025,16/02/1900,01/01/2031,Menos del 90% de la meta,Entre 90 y 100% de la meta,Más del 100% de la meta,0.43,0.44,0.45,0.47,0.45,0.46,0.47,0.49,0.33,0.34,0.35,0.37,0.82,0.83,0.84,0.86,0.67,0.68,0.69,0.71,0.18,0.19,0.2,0.22,0.23,0.24,0.25,0.27,Inegi,0.42,0.58,0.38,0.62,1.48,0.33,1.39
Yucatán con economía inclusiva,Economía Inclusiva,Impulso al turismo,Aumentar el valor de los productos y servicios turísticos con enfoque de sostenibilidad en la región,8: Trabajo Decente y Crecimiento Económico,Meta 8.9,"Tasa de Crecimiento de las Actividades de ""Servicios de alojamiento temporal y de preparación de alimentos y bebidas en la región""","Tasa de Crecimiento de las Actividades de ""Servicios de alojamiento temporal y de preparación de alimentos y bebidas en la región""",Mide el crecimiento de la actividad económica de servicios de alojamiento temporal y de preparación de alimentos y bebidas del año de análisis y la actividad económica de servicios de alojamiento temporal y de preparación de alimentos y bebidas del año base.,"Divide el valor de la actividad económica de servicios de alojamiento temporal y de preparación de alimentos y bebidas del año de análisis con relación al año base, posteriormente eleva el resultado a la primera potencia entre el número de periodos considerados y finalmente restándole uno. La utilidad de esta forma de cálculo es que normaliza la tasa de crecimiento en caso de que haya un valor atípico en la serie de tiempo. (A precios constantes 2013). Para el seguimiento del Indicador se tomará como año base 2017.",Tasa de Crecimiento Media Anual,Anual,A = {(B/C)^(1/D)-1}*100,Ascendente,Eficacia,Secretaría de Fomento Turístico (SEFOTUR),1.2,Porcentaje,2007 a 2017,01/01/2022,01/01/2022,01/01/2025,01/01/2025,02/01/1900,01/01/2031,Menos del 90% de la meta,Entre 90 y 100% de la meta,Más del 100% de la meta,NA,NA,NA,NA,NA,NA,NA,NA,NA,NA,NA,NA,NA,NA,NA,NA,NA,NA,NA,NA,NA,NA,NA,NA,NA,NA,NA,NA,Inegi,1.02,0.77,0.9,0.54,0.35,1.28,0.83
Yucatán con economía inclusiva,Economía Inclusiva,Desarrollo comercial y fortalecimiento de las empresas locales,Incrementar la actividad económica sostenible del sector secundario,8: Trabajo Decente y Crecimiento Económico,Meta 8.a,Tasa de Crecimiento de las Actividades Comerciales en la región,Tasa de Crecimiento del Producto Interno Bruto regional del Sector Secundario,Mide el crecimiento de la actividad económica comercial del año de análisis y la actividad económica comercial del año base.,"Se obtiene al restar el valor inicial del valor final, para posteriormente dividirlo entre el valor inicial. Se multiplica por 100",Tasa de Crecimiento Anual,Anual,A= (C-B)/B,Ascendente,Eficacia,Secretaría de Fomento Económico y Trabajo (SEFOET),9,Porcentaje,2013,01/01/2022,01/01/2022,01/01/2025,01/01/2025,17/01/1900,01/01/2031,Menos del 90% de la meta,Entre 90 y 100% de la meta,Más del 100% de la meta,0.73,0.3,0.32,0.33,0.09,0.11,0.14,0.17,0.23,0.15,0.17,0.2,-0.15,0.08,0.12,0.15,-0.26,0.05,0.06,0.08,1.12,0.25,0.27,0.3,0.68,0.23,0.25,0.27,Inegi,0.68,1.21,1.89,-0.1,-0.21,0.23,1.03
Yucatán con economía inclusiva,Economía Inclusiva,Desarrollo agropecuario,Incrementar el valor de la producción del sector pecuario con enfoque de sostenibilidad,2: Poner fin al Hambre,Meta 2.3 ,Tasa de Crecimiento del Valor de la Producción Pecuaria en la región,Tasa de Crecimiento del Valor de la Producción Pecuaria en la región,Mide la proporción promedio de cambio anual entre el valor de la producción pecuaria de la región del año de análisis y el valor de la producción pecuaria de la región del año base.,Explica el crecimiento promedio anual del valor de la producción pecuaria del estado del año de análisis comparado con el valor de la producción pecuaria del estado del año base.,Tasa de Crecimiento Media Anual,Anual,A= (C-B)/B*100,Ascendente,Eficacia,Secretaría de Desarrollo Rural (SEDER),53.96,Porcentaje,2008 a 2017,01/01/2022,01/01/2022,01/01/2025,01/01/2025,24/02/1900,01/01/2031,Menos del 90% de la meta,Entre 90 y 100% de la meta,Más del 100% de la meta,-0.05,0.05,0.1,0.12,0.6,0.62,0.63,0.64,0.02,0.05,0.07,0.09,1.04,0.55,0.55,0.55,0.2,0.21,0.23,0.24,1.49,0.55,0.55,0.55,0.76,0.54,0.55,0.55,Inegi,0.02,0.02,0,0.01,0.02,0.02,0.01
"Igualdad de género, oportunidades y no discriminación","Igualdad de Género, Oportunidades y no Discriminación",Derecho a una vida libre de violencia,Reducir la incidencia de las violencias hacia las mujeres en la región,"5: Igualdad de Género                                                                                                                                                                                                                                                                                                                                                                           11: Ciudades y comunidades sostenibles                                                                                                                                                                                                                                                                                                                                           16: Paz, Justicia e Instituciones Solidad","Meta 5.1, meta 5.2, meta 5.3, meta 11.7, meta 16.1, meta 16.2",Tasa de Feminicidios por cada 100 mil Mujeres,Tasa de Feminicidios por cada 100 mil Mujeres,Mide la proporción anual del número total de homicidios de mujeres de 15 años de edad y más.,La tasa de feminicidios por cada cien mil mujeres se refieren a la ocurrencia de esos presuntos delitos registrados en averiguaciones previas o carpetas de investigación iniciadas en las Agencias del Ministerio Público y reportadas por la Fiscalía General del Estado.,Tasa,Anual,A = (B/C)*D,Descendente,Eficacia,Secretaría de las Mujeres (SEMUJERES),0.63,Feminicidios,2018,01/12/2021,01/12/2021,01/12/2024,01/12/2024,0.51,01/12/1930,Menos del 90% de la meta,Entre 90 y 100% de la meta,Más del 100% de la meta,1.68,1.18,0.5,0,0.75,0.45,0.15,0,0,0,0,0,0,0,0,0,0,0,0,0,0,0,0,0,0.79,0.55,0.35,0,"Incidencia delictiva
SESNSP",0,0.36,1.29,0,0,0,0
"Innovación, Conocimiento y Tecnología","Innovación, Conocimiento y Tecnología",Educación superior y enseñanza científica y técnica,Incrementar la formación de capital humano con competencias y habilidades productivas y técnicas,"4: Educación de Calidad                                                                                                                                                                                                                                                                                                                                                                           9: Industria, Innovación e infraestructura","Meta 9.5, Meta 4.3, Meta 4.b, Meta 4.4, Meta 4.5, Meta 4.c",Tasa de la Cobertura en Educación Superior,Tasa Bruta de Matrícula en Educación Superior,"Representa el número de alumnos matriculados en un determinado nivel de educación en la región, independientemente de la edad, expresada en porcentaje de la población del grupo de edad teórica, este indicador muestra la capacidad del sistema educativo para matricular alumnos en un nivel educativo específico.","Se calcula con el total de personas matriculadas en el nivel  superior en la región, independientemente de la edad, dividido entre la población total de la región perteneciente al grupo de  20 a 24 años (Rango de edades disponible en CONAPO que más se acerca al grupo en edad oficial que corresponde a ese nivel, de 18 a 24) y  se multiplica el resultado por el factor (100)",Porcentaje,Anual,A = (B/C)*100,Ascendente,Eficacia,"Secretaría de Investigación, Innovación y Educación Superior (SIIES)",0,Porcentaje,Ciclo 2017-2018,01/01/2022,01/01/2022,01/01/2025,01/01/2025,0,01/01/2031,Menos del 90% de la meta,Entre 90 y 100% de la meta,Más del 100% de la meta,0.04,0.04,0.04,0.04,0.52,0.53,0.55,0.59,0.27,0.28,0.29,0.31,0.15,0.16,0.16,0.17,NA,NA,NA,NA,0.23,0.24,0.25,0.26,0.16,0.16,0.17,0.18,ANUIES,NA,NA,NA,NA,NA,NA,NA
"Innovación, Conocimiento y Tecnología","Innovación, Conocimiento y Tecnología","Conocimiento científico, tecnológico e innovación",Incrementar el aprovechamiento del conocimiento científico y tecnológico en la región,"4: Educación de Calidad                                                                                                                                                                                                                                                                                                                                                                           9: Industria, Innovación e Infraestructura","Meta 9.5, Meta 4.b, Meta 9.b, ",Tasa de Investigadores por cada 100 mil habitantes,Variación porcentual de la matrícula regional en educación superior,"Mide el incremento de la población inscrita en el nivel superior, respecto a la población matriculada en el año anterior.","Muestra el  aumento de la población inscrita en el nivel superior de un año a otro, se calcula con el total de estudiantes matriculados en el nivel superior de la región en el año actual, menos el total de estudiantes matriculados en el nivel superior de la región en el año anterior, el resultado se divide entre el total de estudiantes matriculados en el nivel superior de la región del año anterior y se multiplica por el factor (100)",Índice,Anual,A = (B-C)/C*100,Ascendente,Eficacia,"Secretaría de Investigación, Innovación y Educación Superior (SIIES)",0,Porcentaje,Ciclo 2017-2018,01/01/2022,01/01/2022,01/01/2025,01/01/2025,0,01/01/2031,Menos del 90% de la meta,Entre 90 y 100% de la meta,Más del 100% de la meta,0.07,0.09,0.1,0.11,-0.05,-0.03,-0.02,-0.01,-0.07,-0.06,-0.05,-0.03,-0.07,-0.06,-0.04,-0.03,NA,NA,NA,NA,-0.05,-0.03,-0.02,-0.01,-0.04,-0.03,-0.01,0,ANUIES,-0.03,0.05,0.01,0.07,0.11,0.09,0.02
"Paz, Justicia y Gobernabilidad","Paz, Justicia y Gobernabilidad",Paz,Preservar altos niveles de paz en la región,"11: Ciudades y comunidades sostenibles                                                                                                                                                                                                                                                                                                                                           16: Paz, Justicia e instituciones Solidas","Meta 16.1, meta 11.7",Índice de Paz México,Tasa de incidencia de delitos de alto impacto,"La incidencia delictiva se refiere a la presunta ocurrencia de delitos registrados en averiguaciones previas iniciadas o carpetas de investigación, reportadas por las Procuradurías de Justicia y Fiscalías Generales de las entidades federativas en el caso del fuero común y por la Procuraduría General de la República en el fuero federal. Secretariado Ejecutivo del Sistema Nacional de Seguridad Pública (SESNSP). Este indicador Mide la incidencia de delitos de alto impacto cometidos entre los municipios de la región acumulados en un período determinado","Los delitos que son considerados para la medición son: Homicidio doloso,culposo, delitos de secuestro, delitos extorsión, robo con violencia, y robo de vehículos. Para relacionar los delitos con la población se toman las estimaciones de la población para los municipios en cada año.
Se calcula diviendo el total de delitos de alto impacto cometidos en la región, entre la población total de la región y el resultado se multiplica por el factor de expansión (100 mil)",Tasa,Anual,A = (B/C)*D,Descendente,Eficacia,Secretaría de Seguridad Pública (SSP),0,Delitos de alto impacto por cada 100 mil Hab.,2018,01/12/2021,01/12/2021,01/12/2024,01/12/2024,0,01/12/1930,Menos del 90% de la meta,Entre 90 y 100% de la meta,Más del 100% de la meta,20.8,16.64,13.31,10.65,20.92,16.69,13.3,10.61,12.78,10.22,8.18,6.54,16.7,12.77,9.83,7.86,2.99,2.24,1.49,0.75,7.21,5.4,4.05,3.15,19.86,15.89,12.71,9.93,"Incidencia delictiva
SESNSP",0,1.84,2.59,1.01,0.76,0,0
"Paz, Justicia y Gobernabilidad","Paz, Justicia y Gobernabilidad",Paz,Disminuir la incidencia delictiva en la región,"3: Salud y Bienestar                                                                                                                                                                                                                                                                                                                                                                                  5: Igualdad de Género                                                                                                                                                                                                                                                                                                                                                                             8: Trabajo Decente y Crecimiento Económico                                                                                                                                                                                                                                                                                                                                 16: Paz, Justicia e instituciones Solidas","Meta: 16.2, Meta: 3.5, Meta: 3.6, Meta 5.2, Meta: 8.7",Tasa de Incidencia Delictiva por cada 100 mil habitantes,Tasa de Incidencia Delictiva por cada 100 mil habitantes,Mide el número de delitos por cada cien mil habitantes,"La incidencia delictiva se refiere a la presunta ocurrencia de delitos registrados en averiguaciones previas iniciadas o carpetas de investigación, reportadas por las Procuradurías de Justicia y Fiscalías Generales de las entidades federativas en el caso del fuero común y por la Procuraduría General de la República en el fuero federal.",Tasa,Anual,A = (B/C)*100000,Descendente,Eficacia,Secretaría de Seguridad Pública (SSP),595,Delitos por cada cien mil habitantes,2018,01/01/2022,01/01/2022,01/01/2025,01/01/2025,08/06/1901,01/01/2031,Menos del 90% de la meta,Entre 90 y 100% de la meta,Más del 100% de la meta,351.95,334.35,327.66,311.28,824.74,783.5,767.83,729.44,299.06,284.1,278.42,264.5,443.15,420.99,412.57,391.95,131.35,124.78,122.28,116.17,79.72,75.74,74.22,70.51,375.01,356.26,349.13,331.68,"Incidencia delictiva
SESNSP",198.35,689.64,163.86,587.89,68.62,97.57,224.32
Yucatán con economía inclusiva,Economía Inclusiva,Competitividad e inversión extranjera,Aumentar la competitividad de la región,17: Alianzas para lograr los Objetivos,Meta 17.5,Lugar que ocupa el estado en el Índice de Competitividad Estatal,Índice de Complejidad económica regional,Mide la intensidad de conocimiento de una economía tomando en cuenta la intensidad de conocimiento de los productos que exporta,Mide la intensidad de conocimiento de cada región tomando en cuenta la intensidad de conocimiento de los productos que exporta,Índice,Anual,A=A,Ascendente,Eficacia,Secretaría de Fomento Económico y Trabajo (SEFOET),-0.19,Puntos,2014,01/01/2022,01/01/2022,01/01/2025,01/01/2025,07/01/1900,01/01/2031,Menos del 90% de la meta,Entre 90 y 100% de la meta,Más del 100% de la meta,-0.65,-0.35,-0.04,0.27,-0.16,0.14,0.45,0.76,-0.68,-0.38,-0.08,0.23,-1.62,-1.32,-1.01,-0.7,-0.62,-0.32,-0.01,0.3,-0.96,-0.66,-0.36,-0.04,-1.09,-0.79,-0.48,-0.17,"SIEGY, Seplan",0,0.03,0.06,-0.37,-0.27,-0.32,1.99
Yucatán con economía inclusiva,Economía Inclusiva,Desarrollo pesquero,Incrementar el valor de la producción pesquera en la región con enfoque de sostenibilidad,2: Poner fin al Hambre,Meta 2.3 ,Tasa de Crecimiento  del Valor de la Producción Pesquera en el estado,Tasa de variación de la flota pesquera de la región,Mide la proporción promedio de cambio anual entre el valor de la producción pesquera de la región del año de análisis y el valor de la producción pesquera de la región del año base.,Explica el crecimiento promedio anual del valor de la producción pesquera de la región del año de análisis comparado con el valor de la producción pesquera de la región del año base. Para el seguimiento del indicador se tomará como año base 2017,Tasa de Crecimiento Media Anual,Anual,A = {(B/C)^(1/D)-1}*100,Ascendente,Eficacia,Secretaría de Pesca y Acuacultura Sustentable (SEPASY),10.1,Porcentaje,2019,01/01/2022,01/01/2022,01/01/2025,01/01/2025,15/01/1900,01/01/2031,Menos del 90% de la meta,Entre 90 y 100% de la meta,Más del 100% de la meta,904,922,940,958,2032,2072,2113,2155,NA,NA,NA,NA,1208,1232,1256,1281,1450,1479,1508,1538,NA,NA,NA,NA,NA,NA,NA,NA,Estadísticas históricas de pesca,NA,NA,NA,NA,NA,NA,NA
Yucatán con economía inclusiva,Economía Inclusiva,Fomento empresarial y emprendimiento,Aumentar la independencia económica de la población de la región,8: Trabajo Decente y Crecimiento Económico,Meta 8.3 ,Crecimiento Promedio de Trabajadores Independientes en el estado,Variación en el número de patrones registrados ante el IMSS en la región,Mide el crecimiento promedio del número de patrones registrados en la región.,Permite identificar el crecimiento promedio anual del número de patrones en la región. Para el seguimiento de este Indicador se tomará como año base 2017.,Variación Porcentual,Anual,A = (B-C)/B,Ascendente,Eficacia,Instituto Yucateco de Emprendedores (IYEM),1.9,Porcentaje,2017 a 2018,01/01/2022,01/01/2022,01/01/2025,01/01/2025,02/01/1900,01/01/2031,Menos del 90% de la meta,Entre 90 y 100% de la meta,Más del 100% de la meta,NA,NA,NA,NA,0.03,NA,NA,NA,NA,NA,NA,NA,0.01,NA,NA,NA,0.03,NA,NA,NA,0.01,NA,NA,NA,0.06,NA,NA,NA,https://www.inegi.org.mx/programas/enoe/15ymas/default.html,-0.48,0.05,1.05,0.02,0.07,0,0.11
Yucatán cultural con identidad para el desarrollo,Cultura con identidad para el desarrollo,Fomento al deporte,"Aumentar la activación física de la población en todas las edades, grupos sociales y regiones de la región",3: Salud y Bienestar,Meta 3.4,Incidencia de Obesidad,Prevalencia de obesidad,"Mide la prevalencia de obesidad considerada como la enfermedad caracterizada por el exceso de tejido adiposo en el organismo, expresado como proporción de la población total en el periodo.",Es la proporción de individuos mayores a 35 años susceptibles de padecer obesidad,Tasa,Anual,A = {(B*C)*D}/[{(B*C)*D}+1]*100,Descendente,Eficacia,Servicios de Salud de Yucatán (SSY),978.07,Porcentaje,2018,01/01/2022,01/01/2022,01/01/2025,01/01/2025,01/06/1902,01/01/2031,Más de 100% de la meta,Entre 95% y 100% de la meta,Menos de 95% de la meta,0.28,0.26,0.22,0.17,0.27,0.25,0.22,0.16,0.27,0.26,0.22,0.17,0.31,0.29,0.25,0.19,0.26,0.25,0.21,0.16,0.28,0.27,0.23,0.17,0.26,0.25,0.21,0.16,Anuario de morbilidad ,NA,NA,NA,NA,NA,NA,NA
"Gobierno abierto, eficiente y con finanzas sanas",Gobierno Abierto Eficiente y con Finanzas Sanas,Gobierno abierto y combate a la corrupción,"Mejorar la calidad, oportunidad y disponibilidad de la información para la toma de decisiones","16: Paz, Justicia e instituciones Solidas                                                                                                                                                                                                                                                                                                                                              17: Alianzas para lograr los Objetivos","Meta 16.6, Meta 16.7, Meta 16.10, Meta 17.18, Meta 17.19 ",Índice de Gobierno Abierto,Índice de Gobierno Abierto,"Mide en qué proporción la información que publican los municipios de la región sobre sus accione, son transparentes y útiles para la ciudadanía, además de los mecanismos creados por el ayuntamiento para incluir la opinión de la ciudadanía en la toma de decisiones realmente permitan que esto ocurra.","El Índice de Gobierno Abierto (GA) es el resultado del promedio de los subíndices de gobierno abierto desde la perspectiva gubernamental (GAg) y desde la perspectiva ciudadana (GAc). A su vez, cada uno de estos subíndices resulta del promedio de los subíndices de transparencia y participación ciudadana desde esa perspectiva. El Índice toma valores de cero a uno, siendo que mientras más cercano sea el valor a uno, más abierto es el gobierno.",Índice,Bienal ,A = A,Ascendente,Eficacia,Secretaría de Administración y Finanzas (SAF),0.34,Puntos,2019,01/01/2022,01/01/2022,01/01/2025,01/01/2025,0.61,01/01/2031,Menos del 0.52,Entre 0.52 y 0.55,Mayor a 0.55,NA,NA,NA,NA,0.39,0.46,0.54,0.63,0.13,0.15,0.18,0.21,0.29,0.34,0.4,0.47,0.5,0.59,0.69,0.81,0.56,0.66,0.77,0.9,0.19,0.22,0.26,0.3,"Métrica de Gobierno Abierto, https://micrositios.inai.org.mx/gobiernoabierto/?page_id=5765",NA,0.39,0.13,0.29,0.38,0.56,0.19
"Igualdad de género, oportunidades y no discriminación","Igualdad de Género, Oportunidades y no Discriminación",Derecho a la salud inclusiva y de calidad,Reducir las brechas de género en educación,4: Educación de Calidad,"Meta 4.1, meta 4.2, meta 4.3,  meta 4.5, meta 4.6, meta  4.7,  meta 4.a",Índice de Desarrollo Humano en Educación para las Mujeres,Índice de Desarrollo Humano en Educación para las Mujeres,Mide el progreso relativo de las mujeres de la región en materia de años promedio de escolaridad y los años esperados de escolarización.,El Índice de Educación mide el avance de un estado en materia de años promedio de escolaridad o años esperados de escolarización.,Índice,Decenal,A = A,Ascendente,Eficacia,Secretaría de las Mujeres (SEMUJERES),0.6506,Puntos,2010,01/01/2022,01/01/2022,01/01/2025,01/01/2025,0.6686,01/01/2031,Menos del 90% de la meta,Entre 90 y 100% de la meta,Más del 100% de la meta,0.51,0.55,0.6,0.66,0.57,0.62,0.68,0.74,0.49,0.54,0.59,0.64,0.57,0.62,0.68,0.74,0.53,0.58,0.63,0.68,0.45,0.49,0.53,0.58,0.47,0.52,0.56,0.61,Base de Datos del Índice de Desarrollo Humano y Género en México,0.53,0.59,0.51,0.58,0.53,0.47,0.5
"Igualdad de género, oportunidades y no discriminación","Igualdad de Género, Oportunidades y no Discriminación",Autonomía y empoderamiento,Incrementar la autonomía y el empoderamiento de las mujeres,"1: Fin de la Pobreza                                                                                                                                                                                                                                                                                                                                                                                   5: Igualdad de Género                                                                                                                                                                                                                                                                                                                                                                                  8: Trabajo Decente y Crecimiento Económico                                                                                                                                                                                                                                                                                                                                 10: Reducción de las Desigualdades                                                                                                                                                                                                                                                                                                                                                   13: Acción por el Clima                                                                                                                                                                                                                                                                                                                                                                          16: Paz, Justicia e instituciones Solidas","Meta 5.4, meta 5.5, meta 5.a, meta 5.b, meta  5.c, meta 1.1,  meta 1.2,  meta 1.3, meta  1.4,  meta 1.b, meta  8.3, meta  8.5, meta  8.8,  meta  10.2, meta  13.1, meta  16.7",Índice de Desarrollo Humano en Ingreso de las Mujeres,Brecha salarial entre hombres y mujeres,Se mide como la razón de la masa salarial de las mujeres entre la masa salarial de los hombres obtenida a partir de los empleos formales registrados ante el IMSS.,Se calcula como la diferencia entre la razón de la masa salarial entre hombres y mujeres y la equidad perfecta,Diferencia,Decenal,A=1-B,Descendente,Eficacia,Secretaría de las Mujeres (SEMUJERES),0.4453,Puntos,2018,01/01/2022,01/01/2022,01/01/2025,01/01/2025,0.7909,01/01/2031,Menos del 90% de la meta,Entre 90 y 100% de la meta,Más del 100% de la meta,0.72,0.68,0.58,0.44,0.43,0.41,0.35,0.26,0.43,0.41,0.35,0.26,0.47,0.45,0.38,0.29,0.75,0.71,0.61,0.45,0.73,0.69,0.59,0.44,0.61,0.58,0.49,0.37,"Datos abiertos del IMSS, http://datos.imss.gob.mx/group/asegurados",0.72,0.42,0.46,0.52,0.71,0.8,0.59
Ciudades y comunidades sostenibles,Calidad de Vida y Bienestar Social,Salud y bienestar,Mejorar la condición de salud de la población en la región,3: Salud y Bienestar,"Meta 3.1, Meta 3.2, Meta 3.4, Meta 3.6, Meta 3.9",Tasa de Mortalidad,Tasa de Mortalidad,Mide el riesgo de morir de la población mediante la relación de fallecimientos y la población total.,"Expresa el número total de muertes o defunciones acontecidas de la región entre el total de la población de la región en un periodo determinado, por cada cien mil habitantes (factor escala).",Tasa,Anual,A = (B/C)*D,Descendente,Eficacia,Secretaría de Salud de Yucatán (SSY),602.3,Defunciones por cada cien mil habitantes,2017,01/01/2022,01/01/2022,01/01/2025,01/01/2025,12/07/1901,01/01/2031,Menos del 90% de la meta,Entre 90 y 100% de la meta,Más del 100% de la meta,580.76,574.49,555.75,568.81,587.95,581.68,562.94,576,797.48,791.21,772.47,785.53,843.07,836.8,818.06,831.12,669.42,663.15,644.41,657.47,531.04,524.77,506.03,519.09,555.76,549.49,530.75,543.81,"Cubos dinámicos de defunciones de la Dirección General de Información en Salud (DGIS).
https://www.inegi.org.mx/programas/mortalidad/default.html#Datos_abiertos",426.63,884.85,652.41,634.76,666.63,611.24,500.04
Ciudades y comunidades sostenibles,Ciudades y Comunidades Sostenibles,Conectividad y transporte,Incrementar la conectividad sostenible e incluyente en los municipios de la región,"9: Industria, Innovación e Infraestructura",Meta 9.1,Índice de Suficiencia Vial,Indice de Engel de suficiencia vial,Mide la capacidad o saturación que tiene la infraestructura vial para garantizar los servicios de transporte.,"Es la relación entre la red vial, la superficie y la población de la región. Mientras más bajo sea el resultado del Índice mayor es la saturación de las vías y, en contra parte, un resultado alto expresa una baja saturación de las vías. Se clasifica en 3 categorias : Zonas con infraestructura saturada, las de valores más bajos. b) Zonas con infraestructura vial relativamente saturada, con valores medios. c) Zonas sin saturación de las vialidades, con valores altos.",Índice,Anual,A = A,Descendente,Eficacia,Instituto de Infraestructura Carretera de Yucatán (INCAY),6.5,Unidades,2017,01/01/2022,01/01/2022,01/01/2025,01/01/2025,11/01/1900,01/01/2031,Menos del 90% de la meta,Entre 90 y 100% de la meta,Más del 100% de la meta,6.39,7.67,9.2,11.04,4.22,5.91,8.27,11.58,8.7,10.44,12.53,15.03,7.14,8.57,10.28,12.34,8.04,9.65,11.58,13.89,13.46,16.15,19.38,23.26,7.81,9.37,11.25,13.5,"INEGI, Anuario estadístico y geográfico por entidad federativa 2018, Marco geoestadístico 2018, Proyecciones de la población CONAPO 2018.",4.43,7.65,6.77,6.94,4.44,4.39,5.2
Ciudades y comunidades sostenibles,Ciudades y Comunidades Sostenibles,Inversión pública,Incrementar la inversión en obra pública sostenible y accesible,17: Alianzas para lograr los Objetivos,Meta 17.5,Porcentaje de Inversión en Obra Pública respecto del PIB Estatal,Porcentaje de Inversión en Obra Pública regional,Mide el total del presupuesto programado en obra pública como proporción de los egresos totales de los municipios de la región,"Es la proporción del presupuesto programado en obra pública, es decir, capítulo 6000 por objeto de gasto entre el gasto total del presupuesto (municipal) multiplicado por cien.",Porcentaje,Anual,A = (B/C)*100,Ascendente,Economía,Secretaría de Obras Públicas (SOP),31.91428571,Porcentaje,2017,01/01/2022,01/01/2022,01/01/2025,01/01/2025,03/02/1900,01/01/2031,Menos del 90% de la meta,Entre 90 y 100% de la meta,Más del 100% de la meta,26.5,27.04,28.14,28.72,13.6,13.88,14.16,14.74,36,36.73,38.23,39.01,33.3,33.98,35.37,36.09,37.7,38.47,40.04,40.86,40.2,41.02,42.69,43.56,36.1,36.84,38.34,39.12,"Consulta dinámica del presupuesto asignado y ejercido. Sistema de Cuentas Nacionales.
https://www.inegi.org.mx/sistemas/olap/consulta/general_ver4/MDXQueryDatos.asp?#Regreso&c=11289",18.98,8.5,23.16,17.59,26.51,34.05,19.32
Ciudades y comunidades sostenibles,Ciudades y Comunidades Sostenibles,Infraestructura digital,Incrementar el acceso a las redes y servicios de telecomunicaciones sostenibles e incluyentes en las ciudades y comunidades de la región,17: Alianzas para lograr los Objetivos,Meta 17.8,Porcentaje de Personas Usuarias de Internet,Tasa de usuarios de internet fijo por cada 100 mil hab,Mide la proporción de usaurios registrados como receptores de Internet fijo por cada 100 mil habitantes.,"Es el resultado de la relación entre los usuarias de internet fijo de la región, entre el  total de la población de los municipios de la región, multiplicado por cien mil.",Tasa,Anual,A = (B/C)*D,Ascendente,Eficacia,Secretaría de Administración y Finanzas (SAF),12564.91607,Usuarios,2018,01/01/2022,01/01/2022,01/01/2025,01/01/2025,13/02/1979,01/01/2031,Menos del 90% de la meta,Entre 90 y 100% de la meta,Más del 100% de la meta,1289,1314.59,1340.88,1367.7,18829,19017.12,19207.29,19399.36,2180,2223.91,2312.87,2405.38,3484,3553.98,3696.14,3843.98,4354,4440.94,4529.76,4620.35,4462,4551.48,4642.5,4735.35,4009,4089.27,4171.06,4254.48,"Banco de información de Telecomunicaciones, IFT Instituto Federal de Telecomunicaciones
https://bit.ift.org.mx/BitWebApp/descargaArchivos.xhtml ",NA,NA,NA,NA,NA,NA,NA
Ciudades y comunidades sostenibles,Ciudades y Comunidades Sostenibles,Ordenamiento territorial,Mejorar la planeación territorial con un enfoque sostenible en la región.,"9: Industria, Innovación e Infraestructura",Meta 9.1,Porcentaje de Municipios con Actividades de Planeación Urbana,Porcentaje regional con Actividades de Planeación Urbana,"Mide la proporción de municipios de la región que realizan actividades de planeación urbana, entendiéndose como acciones que analizan la situación actual y la previsión de escenarios futuros para el desarrollo de los asentamiento humanos.","Es la relación entre los municipios que cuentan con planeación urbana de la región entre el total de municipios de la región, multiplicado por cien.",Porcentaje,Bienal ,A = (B/C)*100,Ascendente,Eficacia,Instituto de Movilidad y Desarrollo Urbano Territorial (IMDUT),10.37,Porcentaje,2019,01/01/2022,01/01/2022,01/01/2025,01/01/2025,20/02/1900,01/01/2031,Menos del 90% de la meta,Entre 90 y 100% de la meta,Más del 100% de la meta,10,10,14,17.5,20.8,37.3,39.05,40.7,7.14,11.74,15.24,18.54,0,4.6,8.1,11.4,0,4,7,10,11.76,16.36,19.86,23.16,0,4,7,10,Registro administrativo IMDUT 2019.,50,30,28.57,56.25,11.11,47.06,35
Yucatán cultural con identidad para el desarrollo,Cultura con identidad para el desarrollo,Cultura tradicional,Preservar las tradiciones e identidad cultural,4: Educación de Calidad                                                                                                                                                                                                                                                                                                                                                                           8: Trabajo Decente y Crecimiento Económico                                                                                                                                                                                                                                                                                                                                 11: Ciudades y comunidades sostenibles,"Meta 4.7, Meta 8.9, Meta 11.4",Porcentaje de la Población con Auto Adscripción Indígena,Porcentaje de la Población con Auto Adscripción Indígena,"Mide la afirmación que hace la población de pertenecer a una etnia con base en sus concepciones, reconociendo de esta manera las costumbres y tradiciones.","Es la proporción de personas en la región que manifestaron considerarse indígena, ya sea de manera total o parcial con relación al total de la población de la región.",Porcentaje,Quinquenal,A = (B/C)*100,Ascendente,Eficacia,Instituto para el Desarrollo de la Cultura Maya (INDEMAYA),68,Porcentaje,2015,01/01/2022,01/01/2022,01/01/2025,01/01/2025,15/03/1900,01/01/2031,Menos del 65%,Entre 65 y 69%,Más del 69%,88.28,88.97,89.82,91.82,53.26,53.95,54.8,56.8,88.17,88.86,89.71,91.71,77.71,78.4,79.25,81.25,81.93,82.62,83.47,85.47,90.5,91.19,92.04,94.04,88.44,89.13,89.98,91.98,Encuesta Intercensal o Censo de Población y vivienda.,90.34,51.42,86.72,72.66,81.94,91.44,90.78
Yucatán con economía inclusiva,Economía Inclusiva,Impulso al turismo,Incrementar la estadía turística en la región,8: Trabajo Decente y Crecimiento Económico,Meta 8.9,Estadía Promedio del Visitante en el estado,Estadía promedio de turistas de los principales sitios turísticos de la región,Mide los días promedio que pasan los  visitantes en la región.,Divide la cantidad de noches que pasan la totalidad de los visitantes de los sitios turísticos  representativos de la región entre la cantidad de visitantes totales.,Número,Anual,A = A,Ascendente,Eficacia,Secretaría de Fomento Turístico (SEFOTUR),1.7,Días,2017,01/01/2022,01/01/2022,01/01/2025,01/01/2025,02/01/1900,01/01/2031,Menos del 90% de la meta,Entre 90 y 100% de la meta,Más del 100% de la meta,NA,NA,NA,NA,1.74,2.09,2.44,2.78,NA,NA,NA,NA,NA,NA,NA,NA,NA,NA,NA,NA,1.12,1.34,1.57,2.91,1.08,1.3,1.51,2.81,"http://www.datatur.sectur.gob.mx/SitePages/InfTurxEdo.aspx
http://www.datatur.sectur.gob.mx/SitePages/ActividadHotelera.aspx",NA,NA,NA,NA,NA,NA,NA
Yucatán cultural con identidad para el desarrollo,Cultura con identidad para el desarrollo,Acceso universal a la cultura,Incrementar la producción de bienes y servicios culturales,4: Educación de Calidad                                                                                                                                                                                                                                                                                                                                                                           8: Trabajo Decente y Crecimiento Económico                                                                                                                                                                                                                                                                                                                                 11: Ciudades y comunidades sostenibles,"Meta 4.7, Meta 8.9, Meta 11.3, Meta 11.4",Índice de Recursos Culturales,Índice de recursos culturales,Mide la disponibilidad de infraestructura cultural por cada cien mil habitantes,"El Índice se calcula como el promedio simple de las tasas normalizadas de infraestructura cultural por cada cien mil habitantes. Para cada tipo de infraestructura cultural  (Auditorios, Bibliotecas, Centros culturales, Museos, Teatros y Galerías) se calcula el número de edificaciones por cada cien mil habitantes por región, posteriormente se ajustan la tasa de cada región mediante una regla de tres al considerar el valor más alto como 100 y al final se suman las seis tasas de cada infraestructura por región y se divide entre seis.",Índice,Otro,A = A,Ascendente,Eficacia,Secretaría de la Cultura y las Artes (SEDECULTA),44.8,Puntos,2018,01/01/2022,01/01/2022,01/01/2025,01/01/2025,18/02/1900,01/01/2031,Menos de 45.5 puntos,Entre 45.6 y 50 puntos,Más de 50 Puntos,2.11,3.31,2.8,3.51,26.65,26.85,26.85,27.05,3.13,4.33,2.8,4.53,4.94,6.14,2.8,6.34,4.56,5.76,2.8,5.96,8.1,9.3,10.9,9.5,2.12,3.32,2.8,3.52,"Denue, INEGI",2.04,25.47,3.27,5.21,4.53,7.81,2.06
Yucatán verde y sustentable,Medio Ambiente Verde y Sustentable,Acción por el clima,Disminuir la vulnerabilidad de la región ante los efectos del cambio climático,13: Acción por el Clima,"Meta 13.1, 13.2, 13.a y 13.b",Lugar de Yucatán en el Índice de Vulnerabilidad al Cambio Climático de la producción forrajera ante estrés hídrico,Porcentaje de municipios que cuenta con Atlas de Riesgo,Mide el número de municipios de la región que cuentan con Atlas de Riesgo,"Los Atlas de Riesgo son instrumentos que permiten conocer los peligros que pueda afecatar a la población, permitiendo un desarrollo mejor planeado y la generación de planes de contingencia acordes a las características del territorio municipal.",Porcentaje,Anual,A = (B+C)/D*100,Ascendente,Calidad,Secretaría General de Gobierno,12,Porcentaje,2019,01/01/2022,01/01/2022,01/01/2025,01/01/2025,09/04/1900,01/01/2031,Menos del 90% de la meta,Entre 90 y 100% de la meta,Más del 100% de la meta,10,20,40,100,20,25,45,100,0,21.43,42.86,100,14.29,28.57,57.14,100,10,30,40,100,11.11,22.22,44.44,100,15,25,45,100,Registros Administrativos. Secretaría General de Gobierno,10,15,0,18.75,11.11,11.76,15
Yucatán verde y sustentable,Medio Ambiente Verde y Sustentable,Agua limpia y saneamiento ,Mejorar la calidad del agua en la región,6: Agua Limpia y Saneamiento,"Meta 6.1,6.2,  6.3 y 6.4",Porcentaje de Agua Suministrada y Desinfectada para consumo humano en litros,Porcentaje de eficiencia en la cloración del agua suministrada,Mide la eficiencia en la cloración del agua para consumo humano de acuerdo a los parámetros establecidos por la COFEPRIS.,La cloración del agua consistente en la adición de hipoclorito de sodio y su eficiencia está determinada por la eliminación efectiva de agentes patógenos establecidos en la NOM-127-SSA1-1994.,Porcentaje,Anual,A = (B+C)/D*101,Ascendente,Eficiencia,Servicios de Salud de Yucatán.,86.9,Porcentaje,2018,01/01/2022,01/01/2022,01/01/2025,01/01/2025,09/04/1900,01/01/2031,Menos del 90% de la meta,Entre 90 y 100% de la meta,Más del 100% de la meta,86.3,94.3,100,100,89.1,97.1,100,100,87.9,95.9,100,100,70.8,78.8,100,100,92.8,100,100,100,80.3,88.3,100,100,75.8,94.9,100,100,Sistema Nacional de Información del Agua. Conagua,75.2,93.3,81.5,76.1,91.2,66.5,49.9
Yucatán con calidad de vida y bienestar social,Calidad de Vida y Bienestar,Acceso a la vivienda,Mejorar la calidad de la vivienda en la región,11: Ciudades y comunidades sostenibles,Meta 11.1,Porcentaje de Población con Carencia por Calidad y Espacios en la Vivienda,Porcentaje de Población con Carencia por Calidad y Espacios en la Vivienda,Mide la proporción de la población de la región con carencia por calidad y espacios de la vivienda con relación al total de la población de la región,"El Indicador de calidad y espacios en la vivienda toma en consideración que la vivienda cuente con materiales de construcción y espacios con las siguientes características: 1.  Piso firme de cemento o con recubrimiento (laminado, mosaico, madera); 2.  Techos de losa de concreto o viguetas con bovedilla, madera, terrado con viguería, lámina metálica, de asbesto, palma, teja, o de calidad superior; 3.  Muros de tabique, ladrillo, block, piedra, concreto, madera, adobe, o de calidad superior; 4. Que el número de personas por cuarto —contando la cocina pero excluyendo pasillos y baños— (hacinamiento) sea menor a 2.5. El resultado de la combinación de los aspectos considerados en las viviendas, determina el número de viviendas con la carencia de calidad y espacios.",Porcentaje,Bienal ,A = (B/C)*100,Descendente,Eficacia,Instituto de vivienda de Yucatán (IVEY),15.8,Porcentaje,2015,01/01/2022,01/01/2022,01/01/2025,01/01/2025,08/01/1900,01/01/2031,Menos del 90% de la meta,Entre 90 y 100% de la meta,Más del 100% de la meta,30.36,25,22,20,11.87,10,9,8,28.21,25,22,20,18.08,17,15.5,13.8,25.03,23,21,19,35.46,33,31,29,28.71,27,26,25,Coneval,30.47,11.97,27.86,18.08,25.25,34.33,28.18
Yucatán con calidad de vida y bienestar social,Calidad de Vida y Bienestar,Acceso a la vivienda,Mejorar los servicios básicos en las viviendas de la región,11: Ciudades y comunidades sostenibles,Meta 11.1,Porcentaje de Población con Carencia por Servicios Básicos en la Vivienda,Porcentaje de Población con Carencia por Servicios Básicos en la Vivienda,Mide la proporción de la población de la región con carencia por acceso a los servicios básicos de la vivienda con relación al total de la población de la región,"El Indicador toma en consideración que la vivienda cuente con todos los servicios básicos con las siguientes características: 1. Agua entubada dentro de la vivienda o fuera de la vivienda pero dentro del terreno; 2. Drenaje conectado a la red pública o a una fosa séptica; 3. Electricidad obtenida del servicio público, de panel solar o de otra fuente, planta particular, y 4. Que el combustible para cocinar sea gas LP o gas natural, electricidad, y si es leña o carbón que la cocina cuente con chimenea. El resultado de la combinación de los aspectos considerados en las viviendas, determina el número de viviendas con carencia por servicios básicos.",Porcentaje,Bienal ,A = (B/C)*100,Descendente,Eficacia,Instituto de vivienda de Yucatán (IVEY),35.5,Porcentaje,2015,01/01/2022,01/01/2022,01/01/2025,01/01/2025,31/01/1900,01/01/2031,Menos del 90% de la meta,Entre 90 y 100% de la meta,Más del 100% de la meta,72.24,68,62,59,20.27,19,17,15,70.98,65,62,60,55.56,53.4,51,49.7,67.23,65,63,62,73.16,71,70,69,72.13,71,69,67,Coneval,71.95,20.32,69.68,55.56,68.08,72.2,69.86
"Mejorar el desempeño de las políticas, programas y proyectos de la Administración Pública Estatal",Mejora regulatoria e innovación de la gestión pública,Mejora regulatoria e innovación de la gestión pública,Mejorar la efectividad en la gestión pública a través de la mejora regulatoria,"16: Paz, Justicia e instituciones Solidas",Meta 16.6,Lugar que ocupa el estado en el Indicador Subnacional de Mejora Regulatoria,Indice Regional de Mejora Regulatoria,Mide el desempeño en la implementación de la política de mejora regulatoria a nivel regional,Porcentaje de municipios que tienen nivel satisfactorio en el cuestionario de mejora regulatoria municipal,Porcentaje,Anual,A= (B/C)*100,Ascendente,Eficacia,SAF,NA,Porcentaje,"Datos 2019, fecha de publicación 2020",01/01/2022,01/01/2022,01/01/2025,01/01/2025,NA,01/01/2031,Menos del 90% de la meta,Entre 90 y 100% de la meta,Más del 100% de la meta,NA,NA,NA,NA,NA,NA,NA,NA,NA,NA,NA,NA,NA,NA,NA,NA,NA,NA,NA,NA,NA,NA,NA,NA,NA,NA,NA,NA,Registro administrativo,NA,NA,NA,NA,NA,NA,NA
Gobierno Abierto Eficiente y con Finanzas Sanas,"Gobierno abierto, eficiente y con finanzas sanas",Gestión para resultados en el desarrollo,Mejorar la calidad del gasto público con base en evidencia rigurosa,"16: Paz, Justicia e instituciones Solidas                                                                                                                                                                                                                                                                                                                                              17: Alianzas para lograr los Objetivos","Meta 16.6, Meta 16.7, Meta 16.10, Meta 17.14, Meta 17.18, Meta 17.19",Porcentaje de Avance en la Sección del PbR-SED,Porcentaje de Avance en la Sección del PbR-SED,Determina el grado de avance en la región en la implementación de las categorías del PbR-SED.,"Es un índice a nivel municipal que mide la Implementación del Presupuesto basado en Resultados y del Sistema de Evaluación del Desempeño, así como el establecimiento del Marco Jurídico y de operación necesario para crear la base de la implementación y operación del PbR-SED y el establecimiento de procesos y procedimientos técnicos y metodológicos definidos para el ciclo presupuestario.",Porcentaje,Anual,A= (B/C)*100,Ascendente,Eficacia,SAF,NA,Porcentaje,"Datos 2019, fecha de publicación 2020",01/01/2022,01/01/2022,01/01/2025,01/01/2025,NA,01/01/2031,Menos del 90% de la meta,Entre 90 y 100% de la meta,Más del 100% de la meta,NA,NA,NA,NA,NA,NA,NA,NA,NA,NA,NA,NA,NA,NA,NA,NA,NA,NA,NA,NA,NA,NA,NA,NA,NA,NA,NA,NA,IMDUT 2019.,NA,NA,NA,NA,NA,NA,NA
